{
  "timestamp": "2026-05-31T08:01:30",
  "git_commit": "935d3aa",
  "config_name": "hotpath_1b_sweep",
  "model": "Qwen/Qwen2.5-1.5B-Instruct",
  "dataset": "math500",
  "hardware": {
    "gpu": "NVIDIA L4",
    "gpu_count": 1
  },
  "noise": "rademacher",
  "sigma_values": [
    0.0005
  ],
  "population_size": 64,
  "train_samples": 64,
  "test_samples": 96,
  "base_train_reward": 0.21875,
  "base_test_accuracy": 35.416666666666664,
  "best_k1_test": {
    "test_acc": 42.708333333333336,
    "seed": 1068999192,
    "sigma": 0.0005,
    "train_reward": 0.25,
    "delta_vs_base": 7.291666666666671
  },
  "k1_selected_by_train": {
    "test_acc": 36.458333333333336,
    "seed": 1455819981,
    "sigma": 0.0005,
    "train_reward": 0.328125,
    "delta_vs_base": 1.0416666666666714
  },
  "train_test_spearman": -0.15325603391943998,
  "frac_seeds_beating_base_test": 0.390625,
  "throughput": {
    "gen_tokens": 6624667,
    "prompt_tokens": 1390870,
    "prompts": 10400,
    "gen_seconds": 2640.999789863,
    "gen_tokens_per_sec": 2508.3936111724,
    "total_tokens_per_sec": 3035.0388632237646,
    "prompts_per_sec": 3.937902623059085,
    "per_phase": {
      "base_eval": {
        "gen_tokens": 101337,
        "prompt_tokens": 21398,
        "prompts": 160,
        "seconds": 40.85021170200001,
        "gen_tok_per_sec": 2480.697058297952,
        "prompts_per_sec": 3.916748367601886
      },
      "sampling": {
        "gen_tokens": 98005,
        "prompt_tokens": 21398,
        "prompts": 160,
        "seconds": 2600.149578161,
        "gen_tok_per_sec": 0.0,
        "prompts_per_sec": 0.0
      }
    }
  },
  "timings_s": {
    "launch": 87.58118353399999,
    "base_eval": 40.85021170200001,
    "sampling": 2600.149578161,
    "total": 2735.950162823
  },
  "seeds_jsonl": "seeds.jsonl"
}