{
  "timestamp": "2026-05-31T11:55:32",
  "git_commit": "4cb4d4d",
  "config_name": "hotpath_1b_sweep",
  "model": "Qwen/Qwen2.5-1.5B-Instruct",
  "dataset": "math500",
  "hardware": {
    "gpu": "NVIDIA L4",
    "gpu_count": 1
  },
  "noise": "rademacher",
  "sigma_values": [
    0.0005
  ],
  "population_size": 64,
  "train_samples": 64,
  "test_samples": 96,
  "base_train_reward": 0.21875,
  "base_test_accuracy": 35.416666666666664,
  "best_k1_test": {
    "test_acc": 42.708333333333336,
    "seed": 1068999192,
    "sigma": 0.0005,
    "train_reward": 0.25,
    "delta_vs_base": 7.291666666666671
  },
  "k1_selected_by_train": {
    "test_acc": 36.458333333333336,
    "seed": 1455819981,
    "sigma": 0.0005,
    "train_reward": 0.328125,
    "delta_vs_base": 1.0416666666666714
  },
  "train_test_spearman": -0.17016560339362172,
  "frac_seeds_beating_base_test": 0.390625,
  "throughput": {
    "gen_tokens": 6620397,
    "prompt_tokens": 1390870,
    "prompts": 10400,
    "gen_seconds": 2690.231794964,
    "gen_tokens_per_sec": 2460.902072599507,
    "total_tokens_per_sec": 2977.9095671223395,
    "prompts_per_sec": 3.8658378878237776,
    "per_phase": {
      "base_eval": {
        "gen_tokens": 101337,
        "prompt_tokens": 21398,
        "prompts": 160,
        "seconds": 42.347559398000016,
        "gen_tok_per_sec": 2392.983242495574,
        "prompts_per_sec": 3.7782578801355067
      },
      "sampling": {
        "gen_tokens": 97788,
        "prompt_tokens": 21398,
        "prompts": 160,
        "seconds": 2647.884235566,
        "gen_tok_per_sec": 0.0,
        "prompts_per_sec": 0.0
      }
    }
  },
  "timings_s": {
    "launch": 90.644842549,
    "base_eval": 42.347559398000016,
    "sampling": 2647.884235566,
    "total": 2789.5566264169997
  },
  "seeds_jsonl": "seeds.jsonl"
}