{
  "timestamp": "2026-05-31T11:47:28",
  "git_commit": "4cb4d4d",
  "config_name": "hotpath_1b_sweep",
  "model": "Qwen/Qwen2.5-1.5B-Instruct",
  "dataset": "math500",
  "hardware": {
    "gpu": "NVIDIA L4",
    "gpu_count": 1
  },
  "noise": "gaussian",
  "sigma_values": [
    0.001
  ],
  "population_size": 64,
  "train_samples": 64,
  "test_samples": 96,
  "base_train_reward": 0.328125,
  "base_test_accuracy": 35.416666666666664,
  "best_k1_test": {
    "test_acc": 42.708333333333336,
    "seed": 184566849,
    "sigma": 0.001,
    "train_reward": 0.375,
    "delta_vs_base": 7.291666666666671
  },
  "k1_selected_by_train": {
    "test_acc": 37.5,
    "seed": 1455819981,
    "sigma": 0.001,
    "train_reward": 0.390625,
    "delta_vs_base": 2.0833333333333357
  },
  "train_test_spearman": 0.15459261463789534,
  "frac_seeds_beating_base_test": 0.234375,
  "throughput": {
    "gen_tokens": 6468455,
    "prompt_tokens": 1383980,
    "prompts": 10400,
    "gen_seconds": 2797.628523928,
    "gen_tokens_per_sec": 2312.120763952603,
    "total_tokens_per_sec": 2806.8183223177957,
    "prompts_per_sec": 3.7174342165334795,
    "per_phase": {
      "base_eval": {
        "gen_tokens": 97101,
        "prompt_tokens": 21292,
        "prompts": 160,
        "seconds": 44.109048555,
        "gen_tok_per_sec": 2201.385048669182,
        "prompts_per_sec": 3.6273736396851644
      },
      "sampling": {
        "gen_tokens": 103851,
        "prompt_tokens": 21292,
        "prompts": 160,
        "seconds": 2753.519475373,
        "gen_tok_per_sec": 0.0,
        "prompts_per_sec": 0.0
      }
    }
  },
  "timings_s": {
    "launch": 86.203941058,
    "base_eval": 44.109048555,
    "sampling": 2753.519475373,
    "total": 2892.146223505
  },
  "seeds_jsonl": "seeds.jsonl"
}